ID,interface_name,coverage_name,sample_name,power_schedule_name,generate_strategy,precision,input_max,difference_max,difference_mean,difference_norm,record_time
1,pool1,None,uniform_sample_function,,MCMC,8,7.244567862274565e-09,0.0,0.0,"(0.0,)",2021-04-22 11:28:16
2,pool1,None,uniform_sample_function,,MCMC,8,7.244567862274565e-09,0.0,0.0,"(0.0,)",2021-04-22 11:28:21
3,pool1,None,uniform_sample_function,,MCMC,8,7.244567862274565e-09,0.0,0.0,"(0.0,)",2021-04-22 11:28:27
4,pool1,None,uniform_sample_function,,MCMC,8,0.0,0.0,0.0,"(0.0,)",2021-04-22 11:28:33
5,pool1,None,uniform_sample_function,,MCMC,8,0.0,0.0,0.0,"(0.0,)",2021-04-22 11:28:39
6,pool1,None,uniform_sample_function,,MCMC,8,0.0,0.0,0.0,"(0.0,)",2021-04-22 11:28:46
7,pool1,None,uniform_sample_function,,MCMC,8,0.0,0.0,0.0,"(0.0,)",2021-04-22 11:28:52
